{"sort_top": {"10": [0.00016164779663085938, 0.0001556873321533203, 0.00015401840209960938, 0.00015163421630859375, 0.00023484230041503906], "20": [0.0010902881622314453, 0.0010929107666015625, 0.0014767646789550781, 0.0011262893676757812, 0.001020193099975586], "30": [0.0034542083740234375, 0.0034270286560058594, 0.0034291744232177734, 0.0034341812133789062, 0.0034384727478027344], "40": [0.008319616317749023, 0.008147954940795898, 0.008139610290527344, 0.008167505264282227, 0.006899595260620117], "50": [0.013079643249511719, 0.012614965438842773, 0.013460874557495117, 0.018052339553833008, 0.018185853958129883], "60": [0.02892756462097168, 0.023052692413330078, 0.03229999542236328, 0.037667036056518555, 0.024418115615844727], "70": [0.04444408416748047, 0.04322028160095215, 0.0357966423034668, 0.047757625579833984, 0.038817644119262695], "80": [0.06449556350708008, 0.05760693550109863, 0.06008505821228027, 0.0546262264251709, 0.06500864028930664], "90": [0.07866215705871582, 0.0842890739440918, 0.0894479751586914, 0.07525372505187988, 0.08081245422363281], "100": [0.11722612380981445, 0.09786581993103027, 0.10795211791992188, 0.09761404991149902, 0.09763574600219727]}, "sort_top_dfs": {"10": [0.00014495849609375, 0.00030112266540527344, 0.000141143798828125, 0.00013971328735351562, 0.00016236305236816406], "20": [0.0010745525360107422, 0.0027930736541748047, 0.001056671142578125, 0.00128936767578125, 0.0009894371032714844], "30": [0.003400564193725586, 0.0036928653717041016, 0.003376007080078125, 0.0036058425903320312, 0.003413677215576172], "40": [0.007985830307006836, 0.008051156997680664, 0.008042335510253906, 0.008159399032592773, 0.006722688674926758], "50": [0.012842655181884766, 0.012526512145996094, 0.017569541931152344, 0.02012777328491211, 0.017831087112426758], "60": [0.024056673049926758, 0.02908158302307129, 0.0346376895904541, 0.027336835861206055, 0.022609710693359375], "70": [0.05501723289489746, 0.035675764083862305, 0.038793087005615234, 0.04420661926269531, 0.037560224533081055], "80": [0.06840753555297852, 0.05272054672241211, 0.06445717811584473, 0.053774118423461914, 0.06735038757324219], "90": [0.08528804779052734, 0.08089590072631836, 0.08074569702148438, 0.08151555061340332, 0.07312583923339844], "100": [0.1085352897644043, 0.10740041732788086, 0.10357999801635742, 0.1051015853881836, 0.1104116439819336]}}