{"krawedz_sort_top_del": {"10": [0.0001685619354248047, 0.00015401840209960938, 0.0001513957977294922, 0.00015807151794433594, 0.00015735626220703125, 0.0001513957977294922, 0.00014972686767578125, 0.00015211105346679688, 0.00014901161193847656, 0.00017404556274414062], "20": [0.0010809898376464844, 0.0010867118835449219, 0.0010771751403808594, 0.001018524169921875, 0.0009703636169433594, 0.0009982585906982422, 0.0009562969207763672, 0.0009794235229492188, 0.0009953975677490234, 0.0009267330169677734], "30": [0.003064393997192383, 0.0029630661010742188, 0.003008127212524414, 0.002843141555786133, 0.0028078556060791016, 0.002870321273803711, 0.002808094024658203, 0.0027740001678466797, 0.003026247024536133, 0.002686023712158203], "40": [0.0063703060150146484, 0.0063135623931884766, 0.0065348148345947266, 0.0063190460205078125, 0.006292104721069336, 0.006541013717651367, 0.006317615509033203, 0.00632023811340332, 0.007848739624023438, 0.0077283382415771484], "50": [0.015237569808959961, 0.01561880111694336, 0.01371455192565918, 0.01285696029663086, 0.012964487075805664, 0.013041496276855469, 0.013682365417480469, 0.014617204666137695, 0.013981342315673828, 0.017857789993286133], "60": [0.02234363555908203, 0.020870208740234375, 0.02278757095336914, 0.023527860641479492, 0.022476911544799805, 0.020839214324951172, 0.02318859100341797, 0.02542591094970703, 0.023836135864257812, 0.02279043197631836], "70": [0.03446459770202637, 0.03809785842895508, 0.03362417221069336, 0.03461408615112305, 0.03730964660644531, 0.034069061279296875, 0.03400564193725586, 0.0364530086517334, 0.03212761878967285, 0.03306889533996582], "80": [0.05490827560424805, 0.04923582077026367, 0.05585169792175293, 0.05134153366088867, 0.05535769462585449, 0.05128622055053711, 0.053229570388793945, 0.05328226089477539, 0.05347490310668945, 0.054045677185058594], "90": [0.07768774032592773, 0.07513856887817383, 0.07841730117797852, 0.07641482353210449, 0.07572746276855469, 0.07938981056213379, 0.07616257667541504, 0.07862687110900879, 0.08051109313964844, 0.07686567306518555], "100": [0.10629129409790039, 0.10851693153381348, 0.10825848579406738, 0.10589146614074707, 0.10895729064941406, 0.10144853591918945, 0.12159132957458496, 0.1103975772857666, 0.12366342544555664, 0.10672235488891602]}, "krawedz_sort_top_dfs": {"10": [0.00017452239990234375, 0.00014472007751464844, 0.00016021728515625, 0.0001456737518310547, 0.00018286705017089844, 0.00013899803161621094, 0.0001380443572998047, 0.0001404285430908203, 0.00013899803161621094, 0.00014328956604003906], "20": [0.0010671615600585938, 0.0010557174682617188, 0.0009946823120117188, 0.0009675025939941406, 0.0009462833404541016, 0.0009512901306152344, 0.0009319782257080078, 0.0010094642639160156, 0.000911712646484375, 0.0009064674377441406], "30": [0.0030422210693359375, 0.0028676986694335938, 0.002810239791870117, 0.0027985572814941406, 0.0027861595153808594, 0.0028333663940429688, 0.002991199493408203, 0.002756834030151367, 0.002851724624633789, 0.0027930736541748047], "40": [0.006486415863037109, 0.006463289260864258, 0.006295680999755859, 0.006478071212768555, 0.006470918655395508, 0.006295204162597656, 0.006502866744995117, 0.006386995315551758, 0.007021903991699219, 0.007681131362915039], "50": [0.016206979751586914, 0.014705419540405273, 0.013385772705078125, 0.012876510620117188, 0.01288914680480957, 0.01514887809753418, 0.015031576156616211, 0.013956069946289062, 0.01389169692993164, 0.01382899284362793], "60": [0.021924734115600586, 0.022171974182128906, 0.02435016632080078, 0.024308204650878906, 0.0215909481048584, 0.02052474021911621, 0.024056673049926758, 0.024778366088867188, 0.023154020309448242, 0.02158188819885254], "70": [0.03519582748413086, 0.0364384651184082, 0.03376054763793945, 0.038428306579589844, 0.03723645210266113, 0.03269529342651367, 0.03602242469787598, 0.03397417068481445, 0.03195309638977051, 0.03625607490539551], "80": [0.050334930419921875, 0.05293726921081543, 0.051784515380859375, 0.055016279220581055, 0.05023479461669922, 0.05554842948913574, 0.04916858673095703, 0.05454373359680176, 0.052727460861206055, 0.05499839782714844], "90": [0.07691717147827148, 0.07436656951904297, 0.07905864715576172, 0.07762598991394043, 0.07499527931213379, 0.07958507537841797, 0.07859086990356445, 0.07648754119873047, 0.08239006996154785, 0.08014941215515137], "100": [0.10988450050354004, 0.10893511772155762, 0.10529851913452148, 0.10756540298461914, 0.10387349128723145, 0.1023557186126709, 0.13222384452819824, 0.1150050163269043, 0.12644028663635254, 0.10644745826721191]}, "macierz_sort_top_del": {"10": [3.504753112792969e-05, 2.6702880859375e-05, 2.5272369384765625e-05, 2.4318695068359375e-05, 2.5272369384765625e-05, 2.4318695068359375e-05, 3.838539123535156e-05, 2.4557113647460938e-05, 2.384185791015625e-05, 2.4318695068359375e-05], "20": [7.05718994140625e-05, 6.723403930664062e-05, 7.43865966796875e-05, 7.367134094238281e-05, 7.700920104980469e-05, 7.200241088867188e-05, 9.298324584960938e-05, 6.270408630371094e-05, 7.343292236328125e-05, 5.936622619628906e-05], "30": [0.0001277923583984375, 0.00011181831359863281, 0.00011277198791503906, 0.00011181831359863281, 0.00011110305786132812, 0.00011134147644042969, 0.00013256072998046875, 0.00011157989501953125, 0.00011086463928222656, 0.00012063980102539062], "40": [0.00018215179443359375, 0.0001842975616455078, 0.0001811981201171875, 0.00019049644470214844, 0.00019240379333496094, 0.00018095970153808594, 0.0001800060272216797, 0.00018072128295898438, 0.00018167495727539062, 0.00018072128295898438], "50": [0.0002567768096923828, 0.0002760887145996094, 0.00027060508728027344, 0.00026607513427734375, 0.0002655982971191406, 0.0002682209014892578, 0.00025463104248046875, 0.000255584716796875, 0.00025463104248046875, 0.00025463104248046875], "60": [0.00035762786865234375, 0.00036025047302246094, 0.0003566741943359375, 0.0003540515899658203, 0.00035500526428222656, 0.00035381317138671875, 0.0003540515899658203, 0.000354766845703125, 0.00035691261291503906, 0.0003540515899658203], "70": [0.00047516822814941406, 0.00047326087951660156, 0.0004754066467285156, 0.00047206878662109375, 0.00047516822814941406, 0.0004742145538330078, 0.00047588348388671875, 0.0004775524139404297, 0.0004863739013671875, 0.0004818439483642578], "80": [0.0006279945373535156, 0.0006082057952880859, 0.0006427764892578125, 0.0006258487701416016, 0.0006313323974609375, 0.0006008148193359375, 0.000606536865234375, 0.000583648681640625, 0.0005824565887451172, 0.0005941390991210938], "90": [0.0007722377777099609, 0.0007452964782714844, 0.0007703304290771484, 0.0007674694061279297, 0.0008823871612548828, 0.0008161067962646484, 0.0012891292572021484, 0.0008604526519775391, 0.0010304450988769531, 0.0008549690246582031], "100": [0.001062154769897461, 0.0010416507720947266, 0.0011050701141357422, 0.0011684894561767578, 0.0010838508605957031, 0.00102996826171875, 0.0010187625885009766, 0.0012540817260742188, 0.0009810924530029297, 0.0009427070617675781]}, "macierz_sort_top_dfs": {"10": [1.7881393432617188e-05, 1.5497207641601562e-05, 1.430511474609375e-05, 1.3828277587890625e-05, 1.3589859008789062e-05, 1.3828277587890625e-05, 1.4066696166992188e-05, 1.3589859008789062e-05, 1.3589859008789062e-05, 1.3828277587890625e-05], "20": [4.792213439941406e-05, 3.314018249511719e-05, 3.504753112792969e-05, 3.218650817871094e-05, 5.221366882324219e-05, 3.075599670410156e-05, 4.291534423828125e-05, 2.8133392333984375e-05, 2.6464462280273438e-05, 2.6702880859375e-05], "30": [4.506111145019531e-05, 4.744529724121094e-05, 4.4345855712890625e-05, 4.3392181396484375e-05, 4.363059997558594e-05, 4.57763671875e-05, 4.363059997558594e-05, 4.3392181396484375e-05, 4.363059997558594e-05, 4.38690185546875e-05], "40": [8.511543273925781e-05, 6.747245788574219e-05, 6.604194641113281e-05, 6.556510925292969e-05, 6.532669067382812e-05, 6.4849853515625e-05, 6.461143493652344e-05, 8.416175842285156e-05, 6.4849853515625e-05, 7.462501525878906e-05],