{"sort_top": {"10": [0.00016164779663085938, 0.0001556873321533203, 0.00015401840209960938, 0.00015163421630859375, 0.00023484230041503906], "20": [0.0010902881622314453, 0.0010929107666015625, 0.0014767646789550781, 0.0011262893676757812, 0.001020193099975586], "30": [0.0034542083740234375, 0.0034270286560058594, 0.0034291744232177734, 0.0034341812133789062, 0.0034384727478027344], "40": [0.008319616317749023, 0.008147954940795898, 0.008139610290527344, 0.008167505264282227, 0.006899595260620117], "50": [0.013079643249511719, 0.012614965438842773, 0.013460874557495117, 0.018052339553833008, 0.018185853958129883], "60": [0.02892756462097168, 0.023052692413330078, 0.03229999542236328, 0.037667036056518555, 0.024418115615844727], "70": [0.04444408416748047, 0.04322028160095215, 0.0357966423034668, 0.047757625579833984, 0.038817644119262695], "80": [0.06449556350708008, 0.05760693550109863, 0.06008505821228027, 0.0546262264251709, 0.06500864028930664], "90": [0.07866215705871582, 0.0842890739440918, 0.0894479751586914, 0.07525372505187988, 0.08081245422363281], "100": [0.11722612380981445, 0.09786581993103027, 0.10795211791992188, 0.09761404991149902, 0.09763574600219727]}, "sort_top_dfs": {"10": [0.00014495849609375, 0.00030112266540527344, 0.000141143798828125, 0.00013971328735351562, 0.00016236305236816406], "20": [0.0010745525360107422, 0.0027930736541748047, 0.001056671142578125, 0.00128936767578125, 0.0009894371032714844], "30": [0.003400564193725586, 0.0036928653717041016, 0.003376007080078125, 0.0036058425903320312, 0.003413677215576172], "40": [0.007985830307006836, 0.008051156997680664, 0.008042335510253906, 0.008159399032592773, 0.006722688674926758], "50": [0.012842655181884766, 0.012526512145996094, 0.017569541931152344, 0.02012777328491211, 0.017831087112426758], "60": [0.024056673049926758, 0.02908158302307129, 0.0346376895904541, 0.027336835861206055, 0.022609710693359375], "70": [0.05501723289489746, 0.035675764083862305, 0.038793087005615234, 0.04420661926269531, 0.037560224533081055], "80": [0.06840753555297852, 0.05272054672241211, 0.06445717811584473, 0.053774118423461914, 0.06735038757324219], "90": [0.08528804779052734, 0.08089590072631836, 0.08074569702148438, 0.08151555061340332, 0.07312583923339844], "100": [0.1085352897644043, 0.10740041732788086, 0.10357999801635742, 0.1051015853881836, 0.1104116439819336]}, "krawedz_sort_top_del": {"10": [0.0009996891021728516, 0.0009970664978027344, 0.0, 0.0, 0.0010154247283935547], "20": [0.0019958019256591797, 0.002002716064453125, 0.0010056495666503906, 0.001001119613647461, 0.0009980201721191406], "30": [0.0050013065338134766, 0.005002498626708984, 0.00400090217590332, 0.003999233245849609, 0.005003213882446289], "40": [0.009963274002075195, 0.009998798370361328, 0.00999760627746582, 0.009998559951782227, 0.010998249053955078], "50": [0.01999807357788086, 0.019995927810668945, 0.022997379302978516, 0.026031494140625, 0.019997835159301758], "60": [0.03499722480773926, 0.034996986389160156, 0.03499889373779297, 0.036997318267822266, 0.034996747970581055], "70": [0.052965402603149414, 0.05499553680419922, 0.05402040481567383, 0.05601310729980469, 0.05499696731567383], "80": [0.08199381828308105, 0.08199596405029297, 0.0809788703918457, 0.07999467849731445, 0.08099675178527832], "90": [0.11702609062194824, 0.11699295043945312, 0.11599302291870117, 0.11899256706237793, 0.11500930786132812], "100": [0.15897130966186523, 0.15702199935913086, 0.15702438354492188, 0.15595650672912598, 0.1859874725341797]}, "krawedz_sort_top_dfs": {"10": [0.0, 0.0, 0.0010025501251220703, 0.0, 0.0], "20": [0.0010004043579101562, 0.0010023117065429688, 0.0009958744049072266, 0.0009982585906982422, 0.0010020732879638672], "30": [0.003997325897216797, 0.003995180130004883, 0.0050182342529296875, 0.0039975643157958984, 0.003996849060058594], "40": [0.010000228881835938, 0.009999513626098633, 0.010999441146850586, 0.009999275207519531, 0.00999903678894043], "50": [0.021012544631958008, 0.021986722946166992, 0.019965648651123047, 0.03296685218811035, 0.01999831199645996], "60": [0.03699612617492676, 0.034998178482055664, 0.03499746322631836, 0.03603243827819824, 0.03502917289733887], "70": [0.056995391845703125, 0.05598092079162598, 0.05895805358886719, 0.05997824668884277, 0.05699515342712402], "80": [0.08299565315246582, 0.08101034164428711, 0.08302807807922363, 0.08196115493774414, 0.08299446105957031], "90": [0.11499452590942383, 0.11899232864379883, 0.11799263954162598, 0.11699223518371582, 0.11701083183288574], "100": [0.1599733829498291, 0.16496968269348145, 0.1579897403717041, 0.16500473022460938, 0.15897345542907715]}, "macierz_sort_top_del": {"10": [0.0010001659393310547, 0.0, 0.0, 0.0, 0.0], "20": [0.0, 0.0, 0.0, 0.0, 0.0], "30": [0.0, 0.0009996891021728516, 0.0, 0.0, 0.0], "40": [0.0009996891021728516, 0.0, 0.0, 0.0, 0.0], "50": [0.0, 0.0, 0.0, 0.0009996891021728516, 0.0009999275207519531], "60": [0.0, 0.0010004043579101562, 0.0, 0.0009982585906982422, 0.0009992122650146484], "70": [0.0010008811950683594, 0.0009889602661132812, 0.0, 0.0009999275207519531, 0.0], "80": [0.0010030269622802734, 0.00099945068359375, 0.0009999275207519531, 0.0, 0.0010008811950683594], "90": [0.0009987354278564453, 0.0009989738464355469, 0.000997781753540039, 0.0009980201721191406, 0.001004934310913086], "100": [0.0010030269622802734, 0.001996755599975586, 0.0009996891021728516, 0.0010030269622802734, 0.0019712448120117188]}, "macierz_sort_top_dfs": {"10": [0.0, 0.0, 0.0, 0.0, 0.0], "20": [0.0, 0.0, 0.0, 0.0, 0.0], "30": [0.0, 0.0, 0.0, 0.0, 0.0], "40": [0.0, 0.0, 0.0, 0.0, 0.0], "50": [0.0, 0.0, 0.0, 0.0, 0.0], "60": [0.0, 0.0, 0.0, 0.0, 0.0], "70": [0.0, 0.0, 0.0, 0.0, 0.0], "80": [0.0, 0.0, 0.0, 0.0, 0.0], "90": [0.0, 0.0, 0.0, 0.0, 0.0], "100": [0.0, 0.0, 0.0, 0.0, 0.0]}, "nastepnik_sort_top_del": {"10": [0.0, 0.001001119613647461, 0.0010008811950683594, 0.0009968280792236328, 0.0009996891021728516], "20": [0.0029993057250976562, 0.0039975643157958984, 0.0060312747955322266, 0.004967927932739258, 0.003999233245849609], "30": [0.009997367858886719, 0.009997844696044922, 0.009013175964355469, 0.009999275207519531, 0.009998321533203125], "40": [0.022997617721557617, 0.03099536895751953, 0.024997711181640625, 0.02301621437072754, 0.022032976150512695], "50": [0.049025774002075195, 0.04397940635681152, 0.0449981689453125, 0.044995784759521484, 0.04400992393493652], "60": [0.0790252685546875, 0.07796454429626465, 0.07597994804382324, 0.07801222801208496, 0.08095955848693848], "70": [0.12498068809509277, 0.11899232864379883, 0.13599228858947754, 0.12498879432678223, 0.1199946403503418], "80": [0.2049860954284668, 0.20397043228149414, 0.7359545230865479, 0.24498271942138672, 0.19498777389526367], "90": [0.2839808464050293, 0.25896692276000977, 0.2589833736419678, 0.2609670162200928, 0.25600504875183105], "100": [0.35299253463745117, 0.36597657203674316, 0.34894466400146484, 0.4489715099334717, 0.394974946975708]}, "nastepnik_sort_top_dfs": {"10": [0.001001596450805664, 0.000997304916381836, 0.0010008811950683594, 0.0, 0.0], "20": [0.004003047943115234, 0.002998828887939453, 0.006000995635986328, 0.002998828887939453, 0.0030012130737304688], "30": [0.00899958610534668, 0.009999752044677734, 0.00998377799987793, 0.00899958610534668, 0.00999903678894043], "40": [0.02299976348876953, 0.031998634338378906, 0.021999359130859375, 0.021998167037963867, 0.02199578285217285], "50": [0.04597973823547363, 0.04399752616882324, 0.04499626159667969, 0.04399752616882324, 0.04398488998413086], "60": [0.07599759101867676, 0.07600712776184082, 0.07499408721923828, 0.07601332664489746, 0.07800889015197754], "70": [0.12402153015136719, 0.1209571361541748, 0.14999008178710938, 0.1250295639038086, 0.1209573745727539], "80": [0.1790294647216797, 0.8579328060150146, 0.22798418998718262, 0.2159883975982666, 0.20598673820495605], "90": [0.2629849910736084, 0.25898241996765137, 0.2589991092681885, 0.2689993381500244, 0.2579488754272461],